{
  "Author": "konvarec",
  "Name": "HuntVoidWatcher",
  "InternalName": "HuntVoidWatcher",
  "AssemblyVersion": "0.3.28.0",
  "Description": "Synchronizes active character world/area status to a shared spreadsheet for S-rank hunt observation.",
  "ApplicableVersion": "any",
  "RepoUrl": "",
  "Tags": [
    "hunt",
    "discord",
    "spreadsheet",
    "monitoring"
  ],
  "DalamudApiLevel": 14,
  "LoadRequiredState": 0,
  "LoadSync": false,
  "CanUnloadAsync": true,
  "LoadPriority": 0,
  "IconUrl": "https://raw.githubusercontent.com/konvarec/HuntVoidWatcherCustomRepo/main/HuntVoidWatcher/images/icon_64.png",
  "Punchline": "Sync hunt watcher area presence to shared sheet.",
  "AcceptsFeedback": true
}